Method,Avg,Nr. Best,Time/Instance
Original,10.969947571879317,260,142.03
RL,9.964231933423974,261,67.66
Cluster,11.00450997901259,260,155.15
